Season,MeanWind
DJF,7.364907264709473
MAM,6.001852035522461
JJA,5.2187089920043945
SON,6.47545862197876
